slug,name,positions,age,team,games_played,games_started,minutes_played,made_field_goals,attempted_field_goals,made_three_point_field_goals,attempted_three_point_field_goals,made_free_throws,attempted_free_throws,offensive_rebounds,defensive_rebounds,assists,steals,blocks,turnovers,personal_fouls
adamsst01,Steven Adams,CENTER,26,OKLAHOMA CITY THUNDER,58,58,1564,262,443,1,3,108,183,196,347,141,50,65,86,111
adebaba01,Bam Adebayo,POWER FORWARD,22,MIAMI HEAT,65,65,2235,408,719,1,13,236,342,165,518,333,78,85,185,164
aldrila01,LaMarcus Aldridge,CENTER,34,SAN ANTONIO SPURS,53,53,1754,391,793,61,157,158,191,103,289,129,36,87,74,128
alexani01,Nickeil Alexander-Walker,SHOOTING GUARD,21,NEW ORLEANS PELICANS,41,0,501,77,227,40,117,17,28,8,72,74,11,7,40,46
allengr01,Grayson Allen,SHOOTING GUARD,24,MEMPHIS GRIZZLIES,30,0,498,79,176,33,91,30,35,5,61,43,6,1,23,36
allenja01,Jarrett Allen,CENTER,21,BROOKLYN NETS,64,58,1647,267,413,0,5,147,237,195,410,85,37,85,72,144
allenka01,Kadeem Allen,SHOOTING GUARD,27,NEW YORK KNICKS,10,0,117,19,44,5,16,7,11,2,7,21,5,2,8,7
aminual01,Al-Farouq Aminu,POWER FORWARD,29,ORLANDO MAGIC,18,2,380,25,86,9,36,19,29,24,63,21,18,8,17,27
anderju01,Justin Anderson,SMALL FORWARD,26,BROOKLYN NETS,3,0,17,1,6,0,3,1,2,0,2,0,0,1,0,2
anderky01,Kyle Anderson,POWER FORWARD,26,MEMPHIS GRIZZLIES,59,20,1140,138,280,16,62,43,66,54,203,132,46,31,55,85
anderry01,Ryan Anderson,POWER FORWARD,31,HOUSTON ROCKETS,2,0,14,2,7,1,5,0,0,0,7,2,1,0,1,1
antetgi01,Giannis Antetokounmpo,POWER FORWARD,25,MILWAUKEE BUCKS,57,57,1763,623,1139,83,271,361,570,130,653,329,59,58,209,173
antetko01,Kostas Antetokounmpo,POWER FORWARD,22,LOS ANGELES LAKERS,3,0,5,0,0,0,0,0,0,0,1,1,0,0,0,0
antetth01,Thanasis Antetokounmpo,SMALL FORWARD,27,MILWAUKEE BUCKS,18,2,93,19,36,0,7,7,15,11,8,9,6,2,11,13
anthoca01,Carmelo Anthony,POWER FORWARD,35,PORTLAND TRAIL BLAZERS,50,50,1623,289,679,72,194,113,134,61,252,79,40,23,87,142
anunoog01,OG Anunoby,SMALL FORWARD,22,TORONTO RAPTORS,63,62,1897,267,527,82,215,59,86,74,267,99,88,42,75,155
arcidry01,Ryan Arcidiacono,POINT GUARD,25,CHICAGO BULLS,58,4,930,90,220,54,138,27,38,20,90,96,27,3,37,96
arizatr01,Trevor Ariza,SMALL FORWARD,34,SACRAMENTO KINGS,32,0,791,64,165,43,122,21,27,21,125,50,35,7,28,63
arizatr01,Trevor Ariza,SMALL FORWARD,34,PORTLAND TRAIL BLAZERS,21,21,702,78,159,34,85,41,47,13,87,41,34,8,28,48
augusdj01,D.J. Augustin,POINT GUARD,32,ORLANDO MAGIC,49,6,1215,156,397,60,174,139,157,18,91,223,30,1,69,53
aytonde01,Deandre Ayton,CENTER,21,PHOENIX SUNS,30,25,996,255,465,0,3,60,78,123,237,57,22,51,71,97
bacondw01,Dwayne Bacon,SHOOTING GUARD,24,CHARLOTTE HORNETS,39,11,687,85,244,19,67,35,53,15,85,52,23,2,37,52
baglema01,Marvin Bagley III,POWER FORWARD,20,SACRAMENTO KINGS,13,6,334,78,167,4,22,25,31,29,68,10,6,12,18,43
balllo01,Lonzo Ball,POINT GUARD,22,NEW ORLEANS PELICANS,56,47,1817,259,628,139,363,38,67,63,285,392,80,30,172,110
bambamo01,Mo Bamba,CENTER,21,ORLANDO MAGIC,60,0,868,132,282,37,104,31,46,98,201,42,22,85,42,115
bareajo01,J.J. Barea,POINT GUARD,35,DALLAS MAVERICKS,26,4,391,74,179,29,76,17,18,10,38,99,4,2,35,25
barneha02,Harrison Barnes,POWER FORWARD,27,SACRAMENTO KINGS,64,64,2231,326,711,93,243,196,244,61,245,152,38,10,80,82
barrerj01,RJ Barrett,SHOOTING GUARD,19,NEW YORK KNICKS,56,55,1704,292,727,63,197,156,254,50,229,143,55,17,124,122
bartowi01,Will Barton,SMALL FORWARD,29,DENVER NUGGETS,58,58,1916,332,738,108,288,102,133,76,289,212,61,29,88,121
bateske01,Keita Bates-Diop,SMALL FORWARD,24,MINNESOTA TIMBERWOLVES,37,0,646,87,206,31,94,46,65,21,89,30,17,20,14,36
bateske01,Keita Bates-Diop,SMALL FORWARD,24,DENVER NUGGETS,2,0,19,2,2,0,0,3,4,0,2,0,0,1,0,2
batumni01,Nicolas Batum,SMALL FORWARD,31,CHARLOTTE HORNETS,22,3,505,28,81,14,49,9,10,25,75,66,17,8,22,41
baynear01,Aron Baynes,CENTER,33,PHOENIX SUNS,42,28,934,183,381,59,168,56,75,71,166,67,10,23,50,141
bazemke01,Kent Bazemore,SMALL FORWARD,30,PORTLAND TRAIL BLAZERS,43,21,1111,113,326,56,171,58,72,13,159,61,45,31,60,121
bazemke01,Kent Bazemore,SHOOTING GUARD,30,SACRAMENTO KINGS,21,0,493,72,169,22,57,51,70,11,94,24,25,8,25,61
bazleda01,Darius Bazley,POWER FORWARD,19,OKLAHOMA CITY THUNDER,53,8,909,88,230,30,100,32,47,21,175,29,20,35,40,45
bealbr01,Bradley Beal,SHOOTING GUARD,26,WASHINGTON WIZARDS,57,57,2053,593,1303,170,481,385,457,52,190,347,71,23,194,126
beaslma01,Malik Beasley,SHOOTING GUARD,23,DENVER NUGGETS,41,0,746,117,301,58,161,33,38,9,68,48,31,6,36,50
beaslma01,Malik Beasley,SHOOTING GUARD,23,MINNESOTA TIMBERWOLVES,14,14,463,110,233,49,115,21,28,9,62,27,9,2,21,27
belinma01,Marco Belinelli,SHOOTING GUARD,33,SAN ANTONIO SPURS,52,0,779,106,271,57,155,32,41,4,86,64,10,1,16,41
belljo01,Jordan Bell,CENTER,25,MINNESOTA TIMBERWOLVES,27,0,235,32,60,2,9,17,29,28,50,14,2,10,18,17
belljo01,Jordan Bell,POWER FORWARD,25,MEMPHIS GRIZZLIES,2,0,21,3,7,2,3,2,2,2,1,2,1,0,3,2
bembrde01,DeAndre' Bembry,SHOOTING GUARD,25,ATLANTA HAWKS,43,4,915,104,228,15,65,26,48,34,118,81,55,19,60,84
bendedr01,Dragan Bender,SMALL FORWARD,22,MILWAUKEE BUCKS,7,0,91,10,21,4,9,2,3,0,20,9,0,5,5,16
bendedr01,Dragan Bender,SMALL FORWARD,22,GOLDEN STATE WARRIORS,9,3,195,31,71,11,34,8,11,16,37,19,4,4,16,26
bertada01,Dāvis Bertāns,POWER FORWARD,27,WASHINGTON WIZARDS,54,4,1583,265,610,200,472,104,122,35,210,92,37,33,59,139
beverpa01,Patrick Beverley,POINT GUARD,31,LOS ANGELES CLIPPERS,48,48,1299,139,325,75,198,27,41,56,203,179,53,25,64,150
birchkh01,Khem Birch,CENTER,27,ORLANDO MAGIC,40,24,777,56,115,0,1,41,67,70,110,35,16,21,23,73
bitadgo01,Goga Bitadze,CENTER,20,INDIANA PACERS,49,2,410,61,129,6,36,24,33,22,74,21,6,32,25,57
biyombi01,Bismack Biyombo,CENTER,27,CHARLOTTE HORNETS,53,29,1029,151,278,0,0,91,151,120,188,50,10,49,48,116
bjeline01,Nemanja Bjelica,POWER FORWARD,31,SACRAMENTO KINGS,64,61,1821,287,604,125,295,60,73,107,305,179,54,33,92,193
bledser01,Eric Bledsoe,POINT GUARD,30,MILWAUKEE BUCKS,56,56,1524,319,662,70,201,157,193,41,218,302,53,25,140,120
bogdabo01,Bogdan Bogdanović,SHOOTING GUARD,27,SACRAMENTO KINGS,53,20,1510,277,639,137,380,76,105,17,154,169,54,14,89,115
bogdabo02,Bojan Bogdanović,SMALL FORWARD,30,UTAH JAZZ,63,63,2083,418,935,189,457,250,277,39,220,131,34,7,159,110
boldejo01,Jonah Bolden,POWER FORWARD,24,PHILADELPHIA 76ERS,4,0,14,2,3,0,1,0,2,0,1,0,1,0,2,4
boldejo01,Jonah Bolden,POWER FORWARD,24,PHOENIX SUNS,3,0,33,2,8,0,3,2,2,3,5,0,2,2,0,6
boldema01,Marques Bolden,CENTER,21,CLEVELAND CAVALIERS,1,0,3,0,0,0,0,0,0,0,2,0,1,0,0,1
bonejo01,Jordan Bone,POINT GUARD,22,DETROIT PISTONS,10,0,53,5,20,2,10,0,0,0,4,8,1,0,2,6
bongais01,Isaac Bonga,SMALL FORWARD,20,WASHINGTON WIZARDS,58,41,1025,96,184,22,55,52,64,61,122,61,37,21,41,136
bookede01,Devin Booker,SHOOTING GUARD,23,PHOENIX SUNS,62,62,2241,544,1118,126,350,405,442,27,231,408,45,16,244,188
bouchch01,Chris Boucher,POWER FORWARD,27,TORONTO RAPTORS,55,0,724,119,260,28,99,82,103,94,148,23,20,53,23,104
bowenbr02,Brian Bowen,SHOOTING GUARD,21,INDIANA PACERS,5,1,29,2,9,0,2,0,0,1,6,0,0,1,1,2
bowmaky01,Ky Bowman,POINT GUARD,22,GOLDEN STATE WARRIORS,45,12,1015,134,321,33,107,34,41,24,97,131,44,10,70,102
bradlav01,Avery Bradley,SHOOTING GUARD,29,LOS ANGELES LAKERS,49,44,1186,170,383,63,173,20,24,18,97,63,43,5,47,110
bradlto01,Tony Bradley,CENTER,22,UTAH JAZZ,50,2,535,103,155,1,1,26,40,90,126,17,12,25,23,98
brantja01,Jarrell Brantley,POWER FORWARD,23,UTAH JAZZ,5,0,13,0,0,0,0,0,0,0,5,1,0,2,2,2
brazdig01,Ignas Brazdeikis,SMALL FORWARD,21,NEW YORK KNICKS,9,0,53,6,22,1,9,4,5,2,3,4,0,1,2,3
bridgmi01,Mikal Bridges,SMALL FORWARD,23,PHOENIX SUNS,65,24,1772,210,407,56,159,89,105,59,200,115,93,39,65,142
bridgmi02,Miles Bridges,SMALL FORWARD,21,CHARLOTTE HORNETS,65,64,1995,319,753,99,300,106,131,88,274,114,40,48,95,132
brissos01,Oshae Brissett,SMALL FORWARD,21,TORONTO RAPTORS,19,0,135,13,36,3,15,8,10,9,17,7,4,1,7,18
broekry01,Ryan Broekhoff,SHOOTING GUARD,29,DALLAS MAVERICKS,17,1,180,22,59,20,51,7,8,5,38,11,5,4,6,15
brogdma01,Malcolm Brogdon,POINT GUARD,27,INDIANA PACERS,48,48,1472,289,659,61,195,145,162,40,186,343,33,8,115,88
brookdi01,Dillon Brooks,SHOOTING GUARD,24,MEMPHIS GRIZZLIES,65,65,1851,372,925,132,358,144,178,61,152,128,57,25,108,246
brownbr01,Bruce Brown,SHOOTING GUARD,23,DETROIT PISTONS,58,43,1634,198,447,33,96,88,119,61,213,230,63,29,100,162
brownch02,Charlie Brown,SHOOTING GUARD,22,ATLANTA HAWKS,10,0,40,6,19,3,9,5,5,2,2,2,2,2,3,3
brownja02,Jaylen Brown,SMALL FORWARD,23,BOSTON CELTICS,50,50,1702,378,772,107,281,159,216,54,264,109,56,16,116,151
brownmo01,Moses Brown,CENTER,20,PORTLAND TRAIL BLAZERS,9,0,33,4,10,0,0,3,8,3,11,1,1,1,3,7
brownst02,Sterling Brown,SMALL FORWARD,24,MILWAUKEE BUCKS,45,1,665,80,218,36,114,27,35,28,137,46,22,7,36,45
browntr01,Troy Brown Jr.,SHOOTING GUARD,20,WASHINGTON WIZARDS,61,14,1519,229,506,50,145,86,114,64,261,142,76,6,65,110
brunsja01,Jalen Brunson,POINT GUARD,23,DALLAS MAVERICKS,57,16,1022,181,388,43,120,61,75,22,112,188,22,4,66,74
bryanth01,Thomas Bryant,CENTER,22,WASHINGTON WIZARDS,38,28,901,184,307,22,54,70,95,75,185,71,14,33,48,85
bullore01,Reggie Bullock,SHOOTING GUARD,28,NEW YORK KNICKS,29,19,684,90,224,37,111,17,21,13,55,42,25,3,19,56
burketr01,Trey Burke,POINT GUARD,27,PHILADELPHIA 76ERS,25,0,329,59,127,16,38,13,18,15,20,53,7,1,12,21
burksal01,Alec Burks,SHOOTING GUARD,28,GOLDEN STATE WARRIORS,48,18,1390,244,601,84,224,201,224,37,189,151,50,17,76,107
burksal01,Alec Burks,SHOOTING GUARD,28,PHILADELPHIA 76ERS,11,0,222,39,100,16,49,24,27,6,30,20,8,0,9,13
burtode02,Deonte Burton,SHOOTING GUARD,26,OKLAHOMA CITY THUNDER,34,0,284,39,105,10,46,6,12,6,42,11,5,10,14,28
butleji01,Jimmy Butler,SMALL FORWARD,30,MIAMI HEAT,54,54,1851,328,722,29,117,408,490,98,261,331,92,29,118,74
cabocbr01,Bruno Caboclo,SMALL FORWARD,24,MEMPHIS GRIZZLIES,22,0,192,28,69,4,25,2,3,17,27,10,10,12,7,23
cabocbr01,Bruno Caboclo,SMALL FORWARD,24,HOUSTON ROCKETS,5,0,28,4,8,0,3,2,2,5,4,2,2,4,2,2
caldwke01,Kentavious Caldwell-Pope,SHOOTING GUARD,26,LOS ANGELES LAKERS,63,20,1603,220,466,87,221,74,95,37,95,105,53,13,55,117
cancavl01,Vlatko Čančar,SMALL FORWARD,22,DENVER NUGGETS,14,0,45,6,15,1,6,4,4,5,5,3,1,1,3,7
capelca01,Clint Capela,CENTER,25,HOUSTON ROCKETS,39,39,1279,244,388,0,0,55,104,168,369,48,33,72,63,102
carrode01,DeMarre Carroll,SMALL FORWARD,33,SAN ANTONIO SPURS,15,0,135,9,29,3,13,12,20,7,24,11,2,2,10,20
carrode01,DeMarre Carroll,SMALL FORWARD,33,HOUSTON ROCKETS,6,0,96,12,25,4,14,12,16,4,12,7,2,2,6,8
carteje01,Jevon Carter,POINT GUARD,24,PHOENIX SUNS,50,2,754,82,205,46,117,21,25,25,73,65,38,13,31,76
cartevi01,Vince Carter,SMALL FORWARD,43,ATLANTA HAWKS,60,0,876,107,304,61,202,23,29,18,106,48,23,25,33,90
cartewe01,Wendell Carter Jr.,CENTER,20,CHICAGO BULLS,43,43,1256,183,343,6,29,112,152,139,266,51,33,36,72,162
cartemi01,Michael Carter-Williams,SHOOTING GUARD,28,ORLANDO MAGIC,42,0,773,105,242,20,68,72,87,44,96,102,45,20,48,78
carusal01,Alex Caruso,POINT GUARD,25,LOS ANGELES LAKERS,58,1,1032,110,260,38,107,58,76,14,98,102,60,17,46,85
caulewi01,Willie Cauley-Stein,CENTER,26,GOLDEN STATE WARRIORS,41,37,940,144,257,0,0,35,57,71,184,60,45,50,35,102
caulewi01,Willie Cauley-Stein,CENTER,26,DALLAS MAVERICKS,13,2,157,31,45,0,1,5,9,13,47,10,4,11,5,19
chandty01,Tyson Chandler,CENTER,37,HOUSTON ROCKETS,26,5,219,14,18,0,0,6,13,25,41,6,6,8,8,32
chandwi01,Wilson Chandler,SMALL FORWARD,32,BROOKLYN NETS,35,3,734,74,183,37,121,20,23,11,134,39,16,12,34,79
chealjo01,Joe Chealey,POINT GUARD,24,CHARLOTTE HORNETS,4,0,33,0,7,0,4,2,2,0,0,1,4,0,2,2
cheatzy01,Zylan Cheatham,SMALL FORWARD,24,NEW ORLEANS PELICANS,3,0,31,2,5,0,1,0,0,1,5,2,0,1,3,5
chiozch01,Chris Chiozza,POINT GUARD,24,WASHINGTON WIZARDS,10,0,123,10,34,7,16,0,0,0,15,28,10,2,9,12
chiozch01,Chris Chiozza,POINT GUARD,24,BROOKLYN NETS,11,0,126,22,45,11,25,2,2,6,14,20,5,0,8,11
chrisma01,Marquese Chriss,POWER FORWARD,22,GOLDEN STATE WARRIORS,59,21,1196,210,385,8,39,120,156,114,251,114,39,62,78,122
clarkga01,Gary Clark,POWER FORWARD,25,HOUSTON ROCKETS,18,0,212,23,59,18,51,6,7,11,29,12,2,7,2,21
clarkga01,Gary Clark,POWER FORWARD,25,ORLANDO MAGIC,17,1,213,15,42,10,35,2,2,16,29,3,3,7,3,10
clarkbr01,Brandon Clarke,POWER FORWARD,23,MEMPHIS GRIZZLIES,50,3,1086,254,408,21,52,73,93,78,214,72,26,42,46,82
clarkjo01,Jordan Clarkson,SHOOTING GUARD,27,CLEVELAND CAVALIERS,29,0,666,144,326,59,159,76,86,21,48,70,17,8,39,33
clarkjo01,Jordan Clarkson,SHOOTING GUARD,27,UTAH JAZZ,34,0,861,206,427,71,194,46,59,26,72,54,26,7,43,59
claxtni01,Nicolas Claxton,POWER FORWARD,20,BROOKLYN NETS,15,0,187,27,48,1,7,11,21,19,25,16,1,8,9,14
clemoch01,Chris Clemons,SHOOTING GUARD,22,HOUSTON ROCKETS,29,0,251,51,126,33,94,6,7,3,20,22,6,5,17,20
clevean01,Antonius Cleveland,SHOOTING GUARD,25,DALLAS MAVERICKS,6,0,22,2,6,0,1,1,2,0,3,0,1,1,1,2
coffeam01,Amir Coffey,SHOOTING GUARD,22,LOS ANGELES CLIPPERS,13,0,98,13,33,1,7,1,3,4,10,9,1,1,3,12
collijo01,John Collins,POWER FORWARD,22,ATLANTA HAWKS,41,41,1363,353,605,59,147,120,150,116,300,60,31,66,75,138
colliza01,Zach Collins,POWER FORWARD,22,PORTLAND TRAIL BLAZERS,3,3,86,9,19,3,7,6,6,4,8,6,0,2,6,11
conlemi01,Mike Conley,POINT GUARD,32,UTAH JAZZ,41,35,1171,197,486,80,213,93,117,27,106,178,31,4,76,92
connapa01,Pat Connaughton,SHOOTING GUARD,27,MILWAUKEE BUCKS,61,1,1119,119,261,44,137,27,36,56,203,95,20,30,47,60
cookqu01,Quinn Cook,POINT GUARD,26,LOS ANGELES LAKERS,38,0,409,76,173,25,66,6,9,7,33,40,11,1,25,23
cookty01,Tyler Cook,POWER FORWARD,22,CLEVELAND CAVALIERS,11,0,35,7,10,0,0,5,6,4,6,1,1,0,1,4
covinro01,Robert Covington,POWER FORWARD,29,MINNESOTA TIMBERWOLVES,48,47,1411,216,496,108,312,75,94,36,251,56,80,45,73,148
covinro01,Robert Covington,POWER FORWARD,29,HOUSTON ROCKETS,14,13,456,64,152,40,112,11,14,18,92,18,15,35,20,48
crabbal01,Allen Crabbe,SHOOTING GUARD,27,ATLANTA HAWKS,28,1,522,52,143,30,93,9,12,10,55,28,15,4,12,36
crabbal01,Allen Crabbe,SHOOTING GUARD,27,MINNESOTA TIMBERWOLVES,9,0,131,11,34,6,26,1,2,1,11,5,0,0,5,11
craigto01,Torrey Craig,SMALL FORWARD,29,DENVER NUGGETS,50,19,869,96,208,36,109,20,31,48,108,34,18,32,22,112
crowdja01,Jae Crowder,SMALL FORWARD,29,MEMPHIS GRIZZLIES,45,45,1322,147,399,78,266,75,95,40,237,125,47,14,54,85
crowdja01,Jae Crowder,SMALL FORWARD,29,MIAMI HEAT,13,1,373,50,114,35,89,20,26,8,68,26,20,7,8,41
culveja01,Jarrett Culver,SHOOTING GUARD,20,MINNESOTA TIMBERWOLVES,63,35,1506,230,569,66,221,54,117,70,142,110,57,38,81,125
curryse01,Seth Curry,SHOOTING GUARD,29,DALLAS MAVERICKS,59,20,1448,266,532,136,300,74,88,26,113,119,36,8,60,101
curryst01,Stephen Curry,POINT GUARD,31,GOLDEN STATE WARRIORS,5,5,139,33,82,12,49,26,26,4,22,33,5,2,16,11
danietr01,Troy Daniels,SHOOTING GUARD,28,LOS ANGELES LAKERS,41,0,456,62,158,40,112,10,16,12,34,14,8,3,9,30
danietr01,Troy Daniels,SHOOTING GUARD,28,DENVER NUGGETS,1,0,1,0,1,0,1,0,0,0,0,0,0,0,0,0
davisan02,Anthony Davis,POWER FORWARD,26,LOS ANGELES LAKERS,55,55,1889,508,994,65,194,386,457,124,393,172,82,134,135,138
davised01,Ed Davis,CENTER,30,UTAH JAZZ,25,0,268,14,34,0,0,5,11,29,66,8,10,9,13,55
daviste02,Terence Davis,SHOOTING GUARD,22,TORONTO RAPTORS,64,2,1087,181,391,88,222,45,52,46,171,107,32,12,65,104
dedmode01,Dewayne Dedmon,CENTER,30,SACRAMENTO KINGS,34,10,541,69,171,14,71,23,28,46,121,15,15,26,47,93
dedmode01,Dewayne Dedmon,CENTER,30,ATLANTA HAWKS,10,8,233,33,84,8,36,7,8,14,68,7,10,15,10,40
dellama01,Matthew Dellavedova,POINT GUARD,29,CLEVELAND CAVALIERS,57,4,821,62,175,21,91,32,37,18,57,180,20,2,59,78
derozde01,DeMar DeRozan,SMALL FORWARD,30,SAN ANTONIO SPURS,61,61,2091,503,956,8,30,338,401,39,305,340,62,14,147,164
diallch01,Cheick Diallo,CENTER,23,PHOENIX SUNS,44,2,467,89,137,1,2,32,37,28,99,22,10,12,30,54
diallha01,Hamidou Diallo,SMALL FORWARD,21,OKLAHOMA CITY THUNDER,38,3,699,99,219,7,35,28,45,29,93,22,28,8,37,82
dienggo01,Gorgui Dieng,CENTER,30,MINNESOTA TIMBERWOLVES,46,17,778,124,277,46,120,47,59,73,183,58,37,42,44,89
dienggo01,Gorgui Dieng,CENTER,30,MEMPHIS GRIZZLIES,12,0,234,34,66,5,22,14,24,14,66,13,11,14,11,23
dinwisp01,Spencer Dinwiddie,SHOOTING GUARD,26,BROOKLYN NETS,64,49,1994,424,1021,123,400,347,446,32,189,432,40,21,174,180
divindo01,Donte DiVincenzo,SHOOTING GUARD,23,MILWAUKEE BUCKS,59,22,1362,209,452,76,221,60,78,59,230,136,80,18,72,97
doncilu01,Luka Dončić,POINT GUARD,20,DALLAS MAVERICKS,54,54,1799,512,1111,156,491,369,491,69,433,470,59,10,227,134
dortlu01,Luguentz Dort,SHOOTING GUARD,20,OKLAHOMA CITY THUNDER,29,21,637,65,157,22,73,28,36,15,39,21,23,2,15,78
dotsoda01,Damyean Dotson,SHOOTING GUARD,25,NEW YORK KNICKS,48,0,836,120,290,59,163,22,33,10,81,57,23,4,21,44
doumbse01,Sekou Doumbouya,SMALL FORWARD,19,DETROIT PISTONS,38,19,754,92,236,28,98,31,46,20,98,19,20,8,35,80
doziepj01,PJ Dozier,POINT GUARD,23,DENVER NUGGETS,21,0,234,36,91,7,28,7,11,5,25,29,7,5,11,27
dragigo01,Goran Dragić,POINT GUARD,33,MIAMI HEAT,54,1,1531,290,663,118,313,170,221,26,140,273,31,8,133,105
drumman01,Andre Drummond,CENTER,26,DETROIT PISTONS,49,48,1654,360,679,1,21,149,255,226,549,138,97,82,174,176
drumman01,Andre Drummond,CENTER,26,CLEVELAND CAVALIERS,8,8,225,58,105,4,14,20,39,24,65,14,12,11,29,25
dudleja01,Jared Dudley,SMALL FORWARD,34,LOS ANGELES LAKERS,40,1,311,20,50,16,34,2,2,5,38,19,12,3,6,36
dunnkr01,Kris Dunn,POINT GUARD,25,CHICAGO BULLS,51,32,1269,152,342,29,112,40,54,23,163,173,101,17,68,158
edwarca01,Carsen Edwards,SHOOTING GUARD,21,BOSTON CELTICS,35,0,316,37,113,21,68,11,13,6,37,22,10,3,15,33
ellenhe01,Henry Ellenson,POWER FORWARD,23,BROOKLYN NETS,5,0,15,1,7,0,4,0,0,2,4,1,0,0,0,1
ellinwa01,Wayne Ellington,SHOOTING GUARD,32,NEW YORK KNICKS,36,1,558,61,174,50,143,11,13,4,61,44,13,4,18,41
embiijo01,Joel Embiid,CENTER,25,PHILADELPHIA 76ERS,44,44,1329,332,701,56,161,311,382,122,398,137,38,58,135,151
ennisja01,James Ennis,SMALL FORWARD,29,PHILADELPHIA 76ERS,49,0,776,100,226,37,106,48,61,48,102,41,23,14,31,85
ennisja01,James Ennis,SMALL FORWARD,29,ORLANDO MAGIC,12,10,277,28,68,10,33,15,17,13,36,13,6,6,12,24
eubandr01,Drew Eubanks,POWER FORWARD,22,SAN ANTONIO SPURS,14,3,130,21,28,1,1,8,11,8,27,5,2,6,10,21
evansja02,Jacob Evans,SHOOTING GUARD,22,GOLDEN STATE WARRIORS,27,1,414,45,133,13,38,25,29,9,32,31,11,12,25,41
evansja02,Jacob Evans,SHOOTING GUARD,22,MINNESOTA TIMBERWOLVES,2,0,4,0,1,0,1,0,0,0,0,0,0,0,0,0
exumda01,Dante Exum,SHOOTING GUARD,24,UTAH JAZZ,11,0,83,10,23,2,6,2,2,3,9,7,1,2,10,8
exumda01,Dante Exum,SHOOTING GUARD,24,CLEVELAND CAVALIERS,24,1,402,46,96,13,37,30,41,9,46,33,12,6,21,30
fallta01,Tacko Fall,CENTER,24,BOSTON CELTICS,6,0,24,9,12,0,0,1,3,0,11,0,0,2,3,5
favorde01,Derrick Favors,CENTER,28,NEW ORLEANS PELICANS,45,43,1089,189,305,1,7,36,62,147,298,75,25,44,51,99
feliccr01,Cristiano Felício,POWER FORWARD,27,CHICAGO BULLS,22,0,386,34,54,0,2,18,23,55,47,16,10,2,18,34
fergute01,Terrance Ferguson,SMALL FORWARD,21,OKLAHOMA CITY THUNDER,50,37,1170,74,199,46,155,15,19,23,50,45,26,16,30,144
fernabr01,Bruno Fernando,CENTER,21,ATLANTA HAWKS,56,13,713,103,199,5,37,29,51,67,131,49,18,17,42,107
ferreyo01,Yogi Ferrell,POINT GUARD,26,SACRAMENTO KINGS,44,0,484,67,169,19,69,32,37,6,42,59,14,4,25,31
finnedo01,Dorian Finney-Smith,POWER FORWARD,26,DALLAS MAVERICKS,64,61,1898,214,457,99,265,70,97,125,227,97,44,37,63,154
forbebr01,Bryn Forbes,SHOOTING GUARD,26,SAN ANTONIO SPURS,63,62,1579,242,581,148,381,75,90,12,114,108,33,0,57,113
fournev01,Evan Fournier,SHOOTING GUARD,27,ORLANDO MAGIC,61,61,1931,408,869,165,406,168,205,17,140,193,70,14,120,147
foxde01,De'Aaron Fox,POINT GUARD,22,SACRAMENTO KINGS,45,43,1426,329,692,47,153,215,306,30,151,304,64,23,141,129
frazime01,Melvin Frazier,SHOOTING GUARD,23,ORLANDO MAGIC,15,0,51,6,17,4,7,2,4,1,3,1,4,2,3,8
frazimi01,Michael Frazier,SHOOTING GUARD,25,HOUSTON ROCKETS,8,0,66,4,11,2,8,4,6,1,2,1,2,0,2,13
fraziti01,Tim Frazier,POINT GUARD,29,DETROIT PISTONS,27,11,355,34,94,10,30,19,24,9,24,93,14,4,36,42
fultzma01,Markelle Fultz,POINT GUARD,21,ORLANDO MAGIC,64,59,1813,320,676,30,118,102,141,35,178,334,83,10,131,126
gabriwe01,Wenyen Gabriel,POWER FORWARD,22,SACRAMENTO KINGS,11,0,61,6,17,1,8,6,10,4,6,3,3,2,5,7
gabriwe01,Wenyen Gabriel,POWER FORWARD,22,PORTLAND TRAIL BLAZERS,17,1,149,14,29,5,12,8,10,14,22,5,7,4,11,28
gaffoda01,Daniel Gafford,CENTER,21,CHICAGO BULLS,43,7,609,94,134,0,0,32,60,52,54,21,13,56,29,98
gallida01,Danilo Gallinari,POWER FORWARD,31,OKLAHOMA CITY THUNDER,55,55,1690,329,749,165,403,234,264,32,270,113,40,4,70,66
gallola01,Langston Galloway,SHOOTING GUARD,28,DETROIT PISTONS,66,6,1702,236,542,132,331,73,85,33,116,101,48,11,40,96
garlada01,Darius Garland,POINT GUARD,20,CLEVELAND CAVALIERS,59,59,1824,280,699,105,296,63,72,27,84,229,42,4,151,92
gasolma01,Marc Gasol,CENTER,35,TORONTO RAPTORS,36,35,990,99,236,51,127,26,36,29,199,124,28,33,43,101
gayru01,Rudy Gay,POWER FORWARD,33,SAN ANTONIO SPURS,60,5,1287,222,502,58,185,99,113,56,266,101,26,28,78,89
georgpa01,Paul George,SMALL FORWARD,29,LOS ANGELES CLIPPERS,42,42,1222,291,674,133,333,165,187,22,219,162,56,20,113,101
gibsota01,Taj Gibson,CENTER,34,NEW YORK KNICKS,62,56,1025,167,286,4,14,41,56,111,156,52,27,30,47,122
gilesha01,Harry Giles,POWER FORWARD,21,SACRAMENTO KINGS,38,17,579,116,207,0,0,33,43,33,126,49,21,14,35,100
gilgesh01,Shai Gilgeous-Alexander,SHOOTING GUARD,21,OKLAHOMA CITY THUNDER,63,63,2214,442,935,78,222,254,317,45,339,208,70,45,117,108
goberru01,Rudy Gobert,CENTER,27,UTAH JAZZ,62,62,2142,353,506,0,0,228,367,211,639,93,47,124,120,196
goodwbr01,Brandon Goodwin,POINT GUARD,24,ATLANTA HAWKS,34,1,430,76,190,26,87,28,30,11,61,51,12,4,29,43
gordoaa01,Aaron Gordon,POWER FORWARD,24,ORLANDO MAGIC,58,58,1914,314,726,68,226,137,203,103,338,215,50,36,94,116
gordoer01,Eric Gordon,SHOOTING GUARD,31,HOUSTON ROCKETS,34,13,972,162,438,92,288,78,103,8,57,52,22,12,36,68
grahade01,Devonte' Graham,POINT GUARD,24,CHARLOTTE HORNETS,63,53,2211,368,963,218,585,191,233,42,170,471,62,15,181,115
grahatr01,Treveon Graham,SHOOTING GUARD,26,MINNESOTA TIMBERWOLVES,33,20,663,62,175,20,83,27,37,29,71,30,17,2,19,66
grahatr01,Treveon Graham,SHOOTING GUARD,26,ATLANTA HAWKS,22,0,266,25,67,13,37,9,19,22,28,15,7,4,10,36
grantje01,Jerami Grant,POWER FORWARD,25,DENVER NUGGETS,64,22,1676,263,558,88,220,128,172,53,174,79,44,52,55,141
grayjo01,Josh Gray,POINT GUARD,26,NEW ORLEANS PELICANS,2,0,23,1,2,0,0,0,0,1,1,2,0,0,5,1
greenda02,Danny Green,SHOOTING GUARD,32,LOS ANGELES LAKERS,61,61,1529,178,425,113,299,32,44,44,162,86,76,29,54,129
greendr01,Draymond Green,POWER FORWARD,29,GOLDEN STATE WARRIORS,43,43,1222,123,316,36,129,63,83,23,243,266,59,33,98,110
greenja01,JaMychal Green,POWER FORWARD,29,LOS ANGELES CLIPPERS,55,0,1130,125,302,74,204,32,44,75,273,43,25,20,45,146
greenja02,Javonte Green,SMALL FORWARD,26,BOSTON CELTICS,44,1,414,49,98,6,23,23,36,18,62,23,23,7,18,37
greenje02,Jeff Green,POWER FORWARD,33,UTAH JAZZ,30,2,553,75,195,34,104,49,63,14,67,20,12,10,27,46
greenje02,Jeff Green,POWER FORWARD,33,HOUSTON ROCKETS,10,0,201,41,66,14,34,8,10,9,23,12,9,5,9,19
griffbl01,Blake Griffin,POWER FORWARD,30,DETROIT PISTONS,18,18,512,88,250,27,111,76,98,17,67,59,7,7,40,27
gudurma01,Marko Guduric,SHOOTING GUARD,24,MEMPHIS GRIZZLIES,42,0,476,61,154,25,81,23,25,14,57,45,12,8,36,34
guyky01,Kyle Guy,SHOOTING GUARD,22,SACRAMENTO KINGS,2,0,4,1,2,0,1,0,0,0,0,0,0,0,0,0
hachiru01,Rui Hachimura,POWER FORWARD,21,WASHINGTON WIZARDS,41,41,1217,218,456,20,73,92,111,63,185,70,34,7,41,89
hallde01,Devon Hall,SHOOTING GUARD,24,OKLAHOMA CITY THUNDER,5,0,20,1,5,0,2,3,4,0,1,3,0,0,1,1
halldo01,Donta Hall,POWER FORWARD,22,DETROIT PISTONS,4,0,48,1,4,0,0,4,6,6,9,2,1,1,2,9
hannadu01,Dusty Hannahs,SHOOTING GUARD,26,MEMPHIS GRIZZLIES,2,0,13,4,9,2,3,2,2,0,1,0,0,0,0,1
hardati02,Tim Hardaway Jr.,SHOOTING GUARD,27,DALLAS MAVERICKS,63,50,1815,346,792,185,455,121,151,23,175,124,39,5,61,105
hardeja01,James Harden,SHOOTING GUARD,30,HOUSTON ROCKETS,61,61,2241,603,1386,271,769,619,719,64,324,450,106,53,273,206
harklma01,Maurice Harkless,SMALL FORWARD,26,LOS ANGELES CLIPPERS,50,38,1141,112,217,27,73,24,42,47,153,48,49,30,46,120
harklma01,Maurice Harkless,SMALL FORWARD,26,NEW YORK KNICKS,12,10,286,30,66,7,25,15,24,8,32,20,9,3,7,28
harpeja01,Jared Harper,POINT GUARD,22,PHOENIX SUNS,3,0,8,1,4,0,2,0,0,0,0,0,0,0,0,0
harremo01,Montrezl Harrell,CENTER,26,LOS ANGELES CLIPPERS,63,2,1749,471,812,0,18,231,351,163,282,107,39,72,108,146
harriga01,Gary Harris,SHOOTING GUARD,25,DENVER NUGGETS,56,55,1780,218,519,70,210,75,92,26,137,118,76,14,60,116
harrijo01,Joe Harris,SMALL FORWARD,28,BROOKLYN NETS,63,63,1946,332,705,152,369,62,83,60,212,130,38,16,93,138
harrito02,Tobias Harris,POWER FORWARD,27,PHILADELPHIA 76ERS,65,65,2243,494,1046,117,323,154,191,54,386,205,49,35,97,148
harrish01,Shaquille Harrison,SMALL FORWARD,26,CHICAGO BULLS,43,10,484,77,165,16,42,39,50,22,64,49,34,19,19,55
hartjo01,Josh Hart,SMALL FORWARD,24,NEW ORLEANS PELICANS,57,14,1563,200,481,111,325,68,91,54,316,94,59,21,65,144
harteis01,Isaiah Hartenstein,CENTER,21,HOUSTON ROCKETS,23,2,266,44,67,0,5,19,28,29,61,18,9,12,16,41
hasleud01,Udonis Haslem,POWER FORWARD,39,MIAMI HEAT,3,0,21,1,6,0,2,3,4,0,8,1,0,0,0,3
hayesja02,Jaxson Hayes,CENTER,19,NEW ORLEANS PELICANS,56,12,951,155,235,1,4,109,173,82,141,51,23,53,41,142
haywago01,Gordon Hayward,SMALL FORWARD,29,BOSTON CELTICS,45,45,1501,305,607,74,189,94,111,45,249,185,35,20,79,81
hensojo01,John Henson,POWER FORWARD,29,CLEVELAND CAVALIERS,29,2,412,61,120,6,31,17,33,32,82,43,16,32,21,55
hensojo01,John Henson,POWER FORWARD,29,DETROIT PISTONS,11,6,188,34,51,2,5,6,13,14,34,11,8,10,15,23
hernade01,Dewan Hernandez,CENTER,23,TORONTO RAPTORS,4,0,11,1,5,0,1,2,2,2,5,0,1,0,1,6
hernaju01,Juan Hernangómez,POWER FORWARD,24,DENVER NUGGETS,34,0,422,38,110,15,60,16,25,24,71,22,5,5,18,29
hernaju01,Juan Hernangómez,POWER FORWARD,24,MINNESOTA TIMBERWOLVES,14,14,411,62,137,29,69,28,46,19,83,18,14,4,14,35
hernawi01,Willy Hernangómez,CENTER,25,CHARLOTTE HORNETS,31,0,375,74,139,5,22,37,59,43,91,29,10,7,30,32
herroty01,Tyler Herro,SHOOTING GUARD,20,MIAMI HEAT,47,6,1280,220,532,99,253,66,79,14,173,91,30,7,72,59
herveke01,Kevin Hervey,POWER FORWARD,23,OKLAHOMA CITY THUNDER,7,0,19,1,11,0,8,0,0,0,2,1,0,0,0,1
hezonma01,Mario Hezonja,POWER FORWARD,24,PORTLAND TRAIL BLAZERS,47,4,767,81,189,21,64,42,51,26,136,42,28,9,37,92
hieldbu01,Buddy Hield,SHOOTING GUARD,27,SACRAMENTO KINGS,64,44,2045,456,1062,244,618,112,131,57,249,197,60,17,150,150
hillge01,George Hill,POINT GUARD,33,MILWAUKEE BUCKS,52,0,1103,178,336,73,152,69,83,45,109,151,42,4,49,75
hillso01,Solomon Hill,SMALL FORWARD,28,MEMPHIS GRIZZLIES,48,3,901,96,233,56,147,26,38,24,120,94,31,7,40,73
hillso01,Solomon Hill,SMALL FORWARD,28,MIAMI HEAT,6,1,91,4,15,3,9,4,4,3,7,4,5,5,7,5
hoardja01,Jaylen Hoard,SMALL FORWARD,20,PORTLAND TRAIL BLAZERS,13,0,103,15,32,0,3,8,13,14,18,4,5,0,4,12
holidaa01,Aaron Holiday,POINT GUARD,23,INDIANA PACERS,58,26,1368,202,496,80,203,62,72,21,111,193,45,13,75,102
holidjr01,Jrue Holiday,SHOOTING GUARD,29,NEW ORLEANS PELICANS,55,55,1922,421,931,115,322,119,170,70,198,378,92,44,158,125
holidju01,Justin Holiday,SHOOTING GUARD,30,INDIANA PACERS,65,2,1617,190,432,122,288,46,59,30,176,87,75,42,40,119
holliro01,Rondae Hollis-Jefferson,SMALL FORWARD,25,TORONTO RAPTORS,52,5,998,139,295,2,17,95,129,102,152,90,44,22,49,105
holmeri01,Richaun Holmes,CENTER,26,SACRAMENTO KINGS,39,33,1125,210,321,0,0,80,100,118,207,39,39,55,49,152
hoodro01,Rodney Hood,SMALL FORWARD,27,PORTLAND TRAIL BLAZERS,21,21,619,87,172,35,71,21,27,10,62,32,17,4,19,46
horfoal01,Al Horford,CENTER,33,PHILADELPHIA 76ERS,60,57,1848,289,654,89,264,55,73,92,320,244,52,55,65,128
hortota01,Talen Horton-Tucker,SHOOTING GUARD,19,LOS ANGELES LAKERS,2,0,5,0,1,0,1,0,0,0,0,2,1,0,0,0
houseda01,Danuel House,SMALL FORWARD,26,HOUSTON ROCKETS,58,47,1739,206,482,113,311,68,85,56,190,78,64,32,49,119
howardw01,Dwight Howard,CENTER,34,LOS ANGELES LAKERS,62,2,1193,188,257,3,5,89,180,156,301,42,27,76,73,200
howarwi01,William Howard,SHOOTING GUARD,26,HOUSTON ROCKETS,2,0,13,0,4,0,4,0,0,0,2,1,0,0,1,1
huertke01,Kevin Huerter,SHOOTING GUARD,21,ATLANTA HAWKS,56,48,1760,252,610,127,334,53,64,35,193,213,51,27,87,139
huntede01,De'Andre Hunter,SMALL FORWARD,22,ATLANTA HAWKS,63,62,2018,280,683,108,304,110,144,44,242,112,44,18,103,182
hutchch01,Chandler Hutchison,SMALL FORWARD,23,CHICAGO BULLS,28,10,527,80,175,12,38,46,78,18,90,26,27,7,27,47
ibakase01,Serge Ibaka,CENTER,30,TORONTO RAPTORS,50,27,1377,323,623,66,166,89,119,104,310,73,24,42,100,138
iguodan01,Andre Iguodala,SHOOTING GUARD,36,MIAMI HEAT,14,0,259,25,51,9,24,2,8,10,43,28,8,16,17,28
ilyaser01,Ersan İlyasova,POWER FORWARD,32,MILWAUKEE BUCKS,56,8,895,137,290,46,124,62,75,60,216,47,23,14,33,87
inglejo01,Joe Ingles,SMALL FORWARD,32,UTAH JAZZ,64,37,1916,218,494,123,310,65,84,23,233,331,57,9,124,135
ingrabr01,Brandon Ingram,POWER FORWARD,22,NEW ORLEANS PELICANS,56,56,1919,469,1006,137,354,283,330,49,301,241,56,37,174,162
irvinky01,Kyrie Irving,POINT GUARD,27,BROOKLYN NETS,20,20,658,199,416,56,142,94,102,22,81,128,27,10,52,53
isaacjo01,Jonathan Isaac,SMALL FORWARD,22,ORLANDO MAGIC,32,32,949,149,322,30,91,56,73,57,165,44,50,78,47,79
iwundwe01,Wesley Iwundu,SMALL FORWARD,25,ORLANDO MAGIC,45,18,810,77,194,21,67,62,76,23,90,46,25,11,18,62
jacksfr01,Frank Jackson,POINT GUARD,21,NEW ORLEANS PELICANS,51,1,656,99,257,39,120,48,64,19,52,41,15,4,43,67
jacksja02,Jaren Jackson Jr.,CENTER,20,MEMPHIS GRIZZLIES,54,54,1512,328,701,135,340,123,166,53,201,76,36,87,94,219
jacksjo02,Josh Jackson,SHOOTING GUARD,22,MEMPHIS GRIZZLIES,18,0,357,68,155,23,72,29,44,11,47,31,18,9,25,39
jacksju01,Justin Jackson,POWER FORWARD,24,DALLAS MAVERICKS,58,2,929,124,311,45,151,36,44,27,115,49,12,10,12,58
jacksre01,Reggie Jackson,POINT GUARD,29,DETROIT PISTONS,14,10,381,76,198,31,82,26,33,11,30,72,8,1,23,21
jacksre01,Reggie Jackson,POINT GUARD,29,LOS ANGELES CLIPPERS,9,1,175,31,59,14,31,9,10,4,22,29,2,4,17,19
jamesju01,Justin James,SHOOTING GUARD,23,SACRAMENTO KINGS,34,0,218,33,78,9,26,10,21,6,24,16,6,9,8,16
jamesle01,LeBron James,POINT GUARD,35,LOS ANGELES LAKERS,60,60,2094,586,1176,133,381,239,343,59,414,636,74,30,239,106
jeffeam01,Amile Jefferson,POWER FORWARD,26,ORLANDO MAGIC,18,0,74,5,14,0,0,5,14,10,13,4,1,3,3,7
jeffrda01,DaQuan Jeffries,SHOOTING GUARD,22,SACRAMENTO KINGS,6,0,19,3,7,1,4,0,0,1,0,1,1,0,0,3
jeromty01,Ty Jerome,POINT GUARD,22,PHOENIX SUNS,28,0,315,37,106,13,47,11,14,6,35,43,14,3,18,28
johnsal02,Alize Johnson,SMALL FORWARD,23,INDIANA PACERS,13,0,54,7,15,0,0,4,6,7,11,2,0,0,3,6
johnsbj01,B.J. Johnson,SMALL FORWARD,24,ORLANDO MAGIC,8,0,46,5,18,1,6,2,2,1,5,2,2,0,3,0
johnsca02,Cameron Johnson,POWER FORWARD,23,PHOENIX SUNS,49,1,996,136,325,91,229,35,46,39,101,52,30,16,29,72
johnsja01,James Johnson,POWER FORWARD,32,MIAMI HEAT,18,0,281,39,87,16,45,8,14,8,44,21,6,13,15,34
johnsja01,James Johnson,POWER FORWARD,32,MINNESOTA TIMBERWOLVES,14,1,338,64,128,17,46,23,34,17,49,53,19,19,33,46
johnske04,Keldon Johnson,SMALL FORWARD,20,SAN ANTONIO SPURS,9,0,92,16,31,2,5,7,10,5,12,6,5,1,3,9
johnsst04,Stanley Johnson,POWER FORWARD,23,TORONTO RAPTORS,20,0,96,8,31,2,13,5,6,3,19,8,4,2,8,10
johnsty01,Tyler Johnson,SHOOTING GUARD,27,PHOENIX SUNS,31,3,515,65,171,24,83,24,32,10,42,50,12,8,24,43
jokicni01,Nikola Jokić,CENTER,24,DENVER NUGGETS,65,65,2101,512,969,71,226,218,268,155,508,446,77,43,202,200
jonesda03,Damian Jones,CENTER,24,ATLANTA HAWKS,55,27,887,121,178,2,9,62,84,74,132,35,26,40,28,149
jonesde02,Derrick Jones Jr.,SMALL FORWARD,22,MIAMI HEAT,51,15,1249,166,323,34,126,88,113,57,156,57,54,36,27,114
jonesty01,Tyus Jones,POINT GUARD,23,MEMPHIS GRIZZLIES,65,6,1232,197,429,47,124,43,58,9,94,285,59,6,55,44
jordade01,DeAndre Jordan,CENTER,31,BROOKLYN NETS,56,6,1234,191,287,0,0,83,122,141,420,105,18,52,74,114
josepco01,Cory Joseph,POINT GUARD,28,SACRAMENTO KINGS,64,22,1538,155,369,47,134,48,58,37,126,218,46,21,64,121
kabenmf01,Mfiondu Kabengele,CENTER,22,LOS ANGELES CLIPPERS,12,0,64,14,32,9,20,5,5,1,10,2,2,2,2,9
kaminfr01,Frank Kaminsky,CENTER,26,PHOENIX SUNS,32,13,718,127,279,39,112,59,88,30,128,71,13,10,33,69
kanteen01,Enes Kanter,CENTER,27,BOSTON CELTICS,51,6,891,176,311,1,7,63,89,141,253,49,21,38,52,85
kennalu01,Luke Kennard,SHOOTING GUARD,23,DETROIT PISTONS,28,25,922,151,342,73,183,67,75,9,89,115,12,6,43,65
kiddst01,Stanton Kidd,SMALL FORWARD,27,UTAH JAZZ,4,0,15,0,3,0,1,0,0,0,3,1,0,0,2,3
kiddgmi01,Michael Kidd-Gilchrist,POWER FORWARD,26,CHARLOTTE HORNETS,12,0,160,18,53,5,17,7,9,9,26,10,0,3,7,18
kiddgmi01,Michael Kidd-Gilchrist,SMALL FORWARD,26,DALLAS MAVERICKS,9,0,71,1,7,0,3,2,2,3,17,3,2,2,6,14
kinglo02,Louis King,SMALL FORWARD,20,DETROIT PISTONS,10,0,62,8,21,4,11,0,3,1,9,5,2,0,2,10
klebima01,Maxi Kleber,CENTER,28,DALLAS MAVERICKS,66,21,1695,214,466,107,286,69,80,99,256,77,20,78,48,153
knighbr03,Brandon Knight,POINT GUARD,28,CLEVELAND CAVALIERS,16,0,241,28,86,19,64,4,13,3,17,31,5,2,16,20
knighbr03,Brandon Knight,POINT GUARD,28,DETROIT PISTONS,9,3,221,31,81,26,67,16,21,1,20,38,5,1,22,20
knoxke01,Kevin Knox,SMALL FORWARD,20,NEW YORK KNICKS,65,4,1166,144,401,65,199,66,101,28,156,61,23,28,45,106
konchjo01,John Konchar,SHOOTING GUARD,23,MEMPHIS GRIZZLIES,15,0,167,23,35,4,9,1,2,18,28,21,7,3,6,7
korkmfu01,Furkan Korkmaz,SHOOTING GUARD,22,PHILADELPHIA 76ERS,64,12,1398,222,514,126,317,53,72,16,132,70,36,15,52,89
kornelu01,Luke Kornet,CENTER,24,CHICAGO BULLS,36,14,559,82,187,31,108,20,28,22,62,32,11,26,14,54
korveky01,Kyle Korver,SMALL FORWARD,38,MILWAUKEE BUCKS,50,0,833,111,259,86,207,28,34,14,90,61,21,12,42,68
kurucro01,Rodions Kurucs,POWER FORWARD,21,BROOKLYN NETS,39,4,501,60,134,25,65,17,28,18,79,33,17,3,35,66
kuzmaky01,Kyle Kuzma,POWER FORWARD,24,LOS ANGELES LAKERS,54,7,1327,254,588,70,236,96,130,48,194,69,21,21,85,106
labissk01,Skal Labissière,CENTER,23,PORTLAND TRAIL BLAZERS,33,1,567,81,147,3,13,25,33,65,104,42,7,31,30,89
lambje01,Jeremy Lamb,SHOOTING GUARD,27,INDIANA PACERS,46,42,1291,216,479,53,158,92,110,24,176,96,55,22,50,104
langfro01,Romeo Langford,SHOOTING GUARD,20,BOSTON CELTICS,27,1,298,24,64,5,23,16,23,14,18,6,8,6,9,29
lavinza01,Zach LaVine,SHOOTING GUARD,24,CHICAGO BULLS,60,60,2085,539,1199,184,484,268,334,41,248,254,88,28,206,131
lawvi01,Vic Law,SMALL FORWARD,24,ORLANDO MAGIC,5,0,9,0,3,0,1,0,2,0,1,0,0,0,0,0
laymaja01,Jake Layman,POWER FORWARD,25,MINNESOTA TIMBERWOLVES,23,2,505,81,179,24,72,24,32,17,40,15,17,10,24,47
leaftj01,T.J. Leaf,POWER FORWARD,22,INDIANA PACERS,25,1,193,30,69,5,14,7,12,21,43,6,8,3,7,18
lecquja01,Jalen Lecque,POINT GUARD,19,PHOENIX SUNS,4,0,26,4,10,0,4,2,2,0,0,2,0,0,1,2
leeco01,Courtney Lee,SHOOTING GUARD,34,DALLAS MAVERICKS,24,9,345,40,82,21,47,6,7,7,25,12,18,6,11,33
leeda03,Damion Lee,SHOOTING GUARD,27,GOLDEN STATE WARRIORS,49,36,1423,213,511,85,239,110,126,32,207,133,50,6,67,116
lenal01,Alex Len,CENTER,26,ATLANTA HAWKS,40,9,745,142,260,14,56,51,81,69,161,42,20,33,39,93
lenal01,Alex Len,CENTER,26,SACRAMENTO KINGS,9,0,150,26,42,0,0,7,10,26,38,5,2,13,11,21
leonaka01,Kawhi Leonard,SMALL FORWARD,28,LOS ANGELES CLIPPERS,51,51,1643,476,1016,107,292,311,350,52,321,254,92,31,140,98
leoname01,Meyers Leonard,CENTER,27,MIAMI HEAT,49,49,987,116,223,51,119,17,26,27,221,53,13,15,35,103
leverca01,Caris LeVert,SHOOTING GUARD,25,BROOKLYN NETS,39,25,1131,252,609,72,189,116,161,40,119,159,44,7,98,72
lillada01,Damian Lillard,POINT GUARD,29,PORTLAND TRAIL BLAZERS,58,58,2140,531,1162,226,573,389,438,30,220,453,59,21,168,98
littlna01,Nassir Little,POWER FORWARD,19,PORTLAND TRAIL BLAZERS,48,5,573,65,151,14,59,28,44,31,77,22,13,14,15,72
looneke01,Kevon Looney,CENTER,23,GOLDEN STATE WARRIORS,20,4,262,29,79,1,14,9,12,28,38,20,12,6,12,34
lopezbr01,Brook Lopez,CENTER,31,MILWAUKEE BUCKS,61,60,1622,244,571,84,284,98,121,42,230,95,43,149,63,147
lopezro01,Robin Lopez,CENTER,31,MILWAUKEE BUCKS,60,4,862,137,273,33,96,23,43,52,94,41,10,41,54,80
loveke01,Kevin Love,POWER FORWARD,31,CLEVELAND CAVALIERS,56,56,1780,327,727,146,390,187,219,54,493,178,33,19,140,90
lowryky01,Kyle Lowry,POINT GUARD,33,TORONTO RAPTORS,52,52,1901,309,741,153,432,255,296,30,221,399,70,22,154,168
luwawti01,Timothé Luwawu-Cabarrot,SHOOTING GUARD,24,BROOKLYN NETS,39,0,671,78,192,39,109,52,62,24,67,25,15,6,32,81
lylestr01,Trey Lyles,POWER FORWARD,24,SAN ANTONIO SPURS,63,53,1271,153,343,65,168,33,45,71,290,69,28,28,39,98
maconda01,Daryl Macon,SHOOTING GUARD,24,MIAMI HEAT,4,0,14,1,3,1,2,0,0,0,0,1,0,0,2,1
macurjp01,J.P. Macura,SHOOTING GUARD,24,CLEVELAND CAVALIERS,1,0,1,0,0,0,0,0,0,0,0,0,0,0,0,0
magetjo01,Josh Magette,POINT GUARD,30,ORLANDO MAGIC,8,0,38,5,15,1,4,1,2,1,5,5,3,1,5,4
mahinia01,Ian Mahinmi,CENTER,33,WASHINGTON WIZARDS,38,35,808,104,210,5,26,70,113,78,140,49,31,44,45,114
makerth01,Thon Maker,CENTER,22,DETROIT PISTONS,60,14,776,93,193,22,64,73,110,54,113,43,25,39,45,102
mannte01,Terance Mann,SHOOTING GUARD,23,LOS ANGELES CLIPPERS,35,6,271,22,54,3,12,9,12,4,29,38,8,5,14,36
marjabo01,Boban Marjanović,CENTER,31,DALLAS MAVERICKS,37,2,337,96,173,4,15,36,47,53,100,13,7,7,26,47
markkla01,Lauri Markkanen,POWER FORWARD,22,CHICAGO BULLS,50,50,1492,251,591,109,317,126,153,60,253,74,42,23,81,96
martica02,Caleb Martin,SMALL FORWARD,24,CHARLOTTE HORNETS,18,1,317,37,84,20,37,17,21,10,28,23,12,7,15,32
martico01,Cody Martin,SMALL FORWARD,24,CHARLOTTE HORNETS,48,3,903,89,207,18,77,42,65,38,120,95,39,9,44,78
martije02,Jeremiah Martin,POINT GUARD,23,BROOKLYN NETS,3,0,16,1,5,0,1,0,0,0,2,2,1,1,0,0
martike03,Kelan Martin,SMALL FORWARD,24,MINNESOTA TIMBERWOLVES,31,4,495,71,181,25,96,30,31,12,84,23,7,9,20,51
masonfr01,Frank Mason III,POINT GUARD,25,MILWAUKEE BUCKS,6,0,53,5,19,2,10,2,4,3,5,11,2,0,6,4
mathega01,Garrison Mathews,SHOOTING GUARD,23,WASHINGTON WIZARDS,18,0,227,24,56,19,46,31,34,6,18,10,8,1,8,32
matthwe02,Wesley Matthews,SHOOTING GUARD,33,MILWAUKEE BUCKS,62,62,1529,159,401,101,277,48,63,21,139,91,37,9,41,91
mccawpa01,Patrick McCaw,SMALL FORWARD,24,TORONTO RAPTORS,37,12,908,67,162,23,71,13,18,19,67,79,39,4,29,60
mccolcj01,CJ McCollum,SHOOTING GUARD,28,PORTLAND TRAIL BLAZERS,62,62,2229,549,1212,174,458,123,164,41,213,268,46,39,116,159
mccontj01,T.J. McConnell,POINT GUARD,27,INDIANA PACERS,63,3,1188,187,362,5,15,30,36,32,131,316,44,11,86,69
mcdanja01,Jalen McDaniels,POWER FORWARD,22,CHARLOTTE HORNETS,16,0,293,33,70,9,24,14,17,15,50,13,8,3,11,36
mcderdo01,Doug McDermott,POWER FORWARD,28,INDIANA PACERS,62,0,1242,241,491,118,265,43,52,23,133,70,9,4,40,106
mcgeeja01,JaVale McGee,CENTER,32,LOS ANGELES LAKERS,61,61,1023,181,283,3,6,49,75,111,243,34,31,92,47,145
mcgruro01,Rodney McGruder,SHOOTING GUARD,28,LOS ANGELES CLIPPERS,50,3,749,61,156,22,79,15,28,26,102,30,23,8,21,67
mckinal01,Alfonzo McKinnie,SMALL FORWARD,27,CLEVELAND CAVALIERS,40,1,593,73,171,14,65,22,31,37,76,14,23,8,26,72
mclaujo01,Jordan McLaughlin,POINT GUARD,23,MINNESOTA TIMBERWOLVES,30,2,590,87,178,29,76,26,39,7,42,125,34,4,31,31
mclembe01,Ben McLemore,SHOOTING GUARD,26,HOUSTON ROCKETS,63,19,1437,209,470,154,390,47,62,20,119,54,38,12,46,130
mcraejo01,Jordan McRae,SHOOTING GUARD,28,WASHINGTON WIZARDS,29,4,654,133,317,40,106,64,83,17,87,82,19,15,38,61
mcraejo01,Jordan McRae,SHOOTING GUARD,28,DENVER NUGGETS,4,0,32,2,6,2,4,3,4,1,4,4,2,1,0,2
mcraejo01,Jordan McRae,SHOOTING GUARD,28,DETROIT PISTONS,4,0,98,14,43,3,16,16,22,0,15,7,0,0,5,10
mellini01,Nicolò Melli,CENTER,29,NEW ORLEANS PELICANS,52,6,889,123,278,65,180,44,60,37,120,67,30,19,42,105
meltode01,De'Anthony Melton,POINT GUARD,21,MEMPHIS GRIZZLIES,52,8,1011,148,353,37,117,87,106,37,156,157,65,18,78,92
metuch01,Chimezie Metu,POWER FORWARD,22,SAN ANTONIO SPURS,16,0,73,20,35,0,1,6,8,10,16,6,1,4,5,4
middlkh01,Khris Middleton,SMALL FORWARD,28,MILWAUKEE BUCKS,55,52,1653,424,850,133,318,178,196,40,301,225,51,7,113,122
mikaer01,Eric Mika,POWER FORWARD,25,SACRAMENTO KINGS,1,0,19,2,3,0,0,2,2,2,5,0,0,0,0,5
milescj01,C.J. Miles,SHOOTING GUARD,32,WASHINGTON WIZARDS,10,0,161,19,59,11,35,15,20,4,8,12,10,4,4,14
millema01,Malcolm Miller,SMALL FORWARD,26,TORONTO RAPTORS,25,1,125,8,24,6,19,1,6,1,13,8,4,2,3,12
millspa02,Patty Mills,POINT GUARD,31,SAN ANTONIO SPURS,63,1,1430,247,576,148,389,93,108,19,80,112,52,6,51,98
millspa01,Paul Millsap,POWER FORWARD,34,DENVER NUGGETS,44,41,1075,188,387,48,109,105,126,87,173,70,38,28,61,127
miltosh01,Shake Milton,SHOOTING GUARD,23,PHILADELPHIA 76ERS,32,16,611,108,217,48,106,39,51,11,57,71,19,6,38,69
mitchdo01,Donovan Mitchell,SHOOTING GUARD,23,UTAH JAZZ,63,63,2165,560,1235,156,428,249,290,44,232,264,66,12,167,154
mitrona01,Naz Mitrou-Long,SHOOTING GUARD,26,INDIANA PACERS,3,0,43,6,16,2,11,0,0,0,6,7,1,1,2,1
mokokad01,Adam Mokoka,SHOOTING GUARD,21,CHICAGO BULLS,11,0,112,12,28,6,15,2,4,7,3,4,4,0,2,17
monkma01,Malik Monk,SHOOTING GUARD,21,CHARLOTTE HORNETS,55,1,1169,212,488,58,204,82,100,27,130,114,25,16,77,74
moonema01,Matt Mooney,SHOOTING GUARD,22,CLEVELAND CAVALIERS,4,0,19,1,4,0,2,0,0,0,3,1,2,1,0,1
mooreet01,E'Twaun Moore,SHOOTING GUARD,30,NEW ORLEANS PELICANS,51,5,958,174,410,60,160,29,43,29,94,73,28,10,38,77
moranja01,Ja Morant,POINT GUARD,20,MEMPHIS GRIZZLIES,59,59,1771,393,800,51,139,204,265,44,164,409,54,15,191,90
morgaju01,Juwan Morgan,POWER FORWARD,22,UTAH JAZZ,16,0,74,9,17,1,5,0,0,5,14,2,0,1,3,7
morrima03,Marcus Morris,SMALL FORWARD,30,NEW YORK KNICKS,43,43,1387,281,636,116,264,163,198,48,185,59,34,17,73,128
morrima03,Marcus Morris,POWER FORWARD,30,LOS ANGELES CLIPPERS,12,12,340,44,114,17,60,9,11,7,41,18,8,10,15,33
morrima02,Markieff Morris,POWER FORWARD,30,DETROIT PISTONS,44,16,988,175,389,75,189,61,79,24,149,69,26,11,70,104
morrima02,Markieff Morris,POWER FORWARD,30,LOS ANGELES LAKERS,8,0,118,14,36,6,21,4,4,10,16,5,2,4,5,16
morrimo01,Monte Morris,POINT GUARD,24,DENVER NUGGETS,65,8,1402,222,484,54,144,51,62,20,92,230,53,16,45,64
motlejo01,Johnathan Motley,POWER FORWARD,24,LOS ANGELES CLIPPERS,13,0,41,11,15,1,1,5,7,3,7,8,3,0,5,6
mudiaem01,Emmanuel Mudiay,POINT GUARD,23,UTAH JAZZ,48,1,752,136,289,27,76,52,69,17,98,107,19,10,65,64
muldemy01,Mychal Mulder,SHOOTING GUARD,25,GOLDEN STATE WARRIORS,7,3,204,26,67,16,52,9,12,3,20,8,2,1,5,20
murrade01,Dejounte Murray,POINT GUARD,23,SAN ANTONIO SPURS,58,50,1447,255,537,34,90,75,94,67,268,237,100,16,108,128
murraja01,Jamal Murray,POINT GUARD,22,DENVER NUGGETS,55,55,1804,385,846,105,304,158,177,42,175,266,64,16,124,97
musadz01,Džanan Musa,SMALL FORWARD,20,BROOKLYN NETS,35,0,404,50,139,15,65,33,44,19,52,31,13,1,29,25
muscami01,Mike Muscala,CENTER,28,OKLAHOMA CITY THUNDER,41,0,492,64,159,43,120,18,22,13,81,34,8,11,14,51
mykhasv01,Sviatoslav Mykhailiuk,SMALL FORWARD,22,DETROIT PISTONS,56,27,1265,166,405,115,285,57,70,17,87,106,41,4,61,87
naderab01,Abdel Nader,SMALL FORWARD,26,OKLAHOMA CITY THUNDER,48,5,756,100,220,39,105,48,62,14,76,35,20,20,36,65
nancela02,Larry Nance Jr.,CENTER,27,CLEVELAND CAVALIERS,56,10,1472,229,431,56,159,50,74,106,303,123,56,22,60,91
napiesh01,Shabazz Napier,POINT GUARD,28,MINNESOTA TIMBERWOLVES,36,22,856,114,283,47,159,72,88,17,93,187,40,7,76,62
napiesh01,Shabazz Napier,POINT GUARD,28,WASHINGTON WIZARDS,15,8,378,56,130,24,63,44,53,8,28,66,26,2,35,31
netora01,Raul Neto,POINT GUARD,27,PHILADELPHIA 76ERS,49,3,565,79,175,28,71,26,31,11,41,77,22,5,42,43
newmama01,Malik Newman,SHOOTING GUARD,22,CLEVELAND CAVALIERS,1,0,4,0,2,0,1,2,2,0,0,0,0,0,1,0
niangge01,Georges Niang,POWER FORWARD,26,UTAH JAZZ,58,0,772,120,265,77,185,19,22,12,97,35,13,5,26,63
noelne01,Nerlens Noel,CENTER,25,OKLAHOMA CITY THUNDER,55,6,1014,174,254,1,3,75,98,82,189,53,56,82,54,143
norveza01,Zach Norvell,SHOOTING GUARD,22,LOS ANGELES LAKERS,2,0,5,0,1,0,0,0,0,0,1,0,0,0,0,0
norveza01,Zach Norvell,SHOOTING GUARD,22,GOLDEN STATE WARRIORS,3,0,36,3,11,3,8,1,1,0,5,3,2,0,3,4
nowelja01,Jaylen Nowell,SHOOTING GUARD,20,MINNESOTA TIMBERWOLVES,15,0,151,19,53,3,26,16,17,3,10,19,3,1,3,11
ntilila01,Frank Ntilikina,POINT GUARD,21,NEW YORK KNICKS,57,26,1187,131,333,44,137,51,59,23,98,172,54,16,71,142
nunnke01,Kendrick Nunn,SHOOTING GUARD,24,MIAMI HEAT,62,62,1846,381,850,131,362,77,92,19,149,210,51,11,101,142
nwabada01,David Nwaba,SMALL FORWARD,27,BROOKLYN NETS,20,0,268,37,71,12,28,18,27,8,37,8,11,12,8,32
onealro01,Royce O'Neale,POWER FORWARD,26,UTAH JAZZ,64,55,1862,141,321,82,211,36,49,22,317,163,47,28,50,180
oquinky01,Kyle O'Quinn,CENTER,29,PHILADELPHIA 76ERS,26,1,258,35,72,7,23,10,19,32,66,35,5,22,18,35
ojelese01,Semi Ojeleye,POWER FORWARD,25,BOSTON CELTICS,61,5,891,65,159,36,98,25,28,24,100,31,18,5,12,63
okafoja01,Jahlil Okafor,CENTER,24,NEW ORLEANS PELICANS,28,9,424,88,144,1,2,37,58,46,73,36,7,19,36,63
okoboel01,Elie Okobo,POINT GUARD,22,PHOENIX SUNS,54,3,707,72,181,25,71,46,67,16,72,113,24,4,38,53
okogijo01,Josh Okogie,SHOOTING GUARD,21,MINNESOTA TIMBERWOLVES,62,28,1547,170,398,41,154,152,191,87,181,99,68,26,87,139
okpalkz01,KZ Okpala,SMALL FORWARD,20,MIAMI HEAT,5,0,26,3,5,0,1,1,2,1,4,1,2,1,1,2
oladivi01,Victor Oladipo,SHOOTING GUARD,27,INDIANA PACERS,13,10,337,63,161,21,69,32,41,7,34,39,11,3,28,21
olynyke01,Kelly Olynyk,CENTER,28,MIAMI HEAT,59,6,1089,151,317,80,185,70,82,37,222,97,38,18,63,144
onimi01,Miye Oni,SHOOTING GUARD,22,UTAH JAZZ,5,0,11,0,2,0,1,0,0,0,2,0,0,0,1,0
osmande01,Cedi Osman,SMALL FORWARD,24,CLEVELAND CAVALIERS,65,65,1910,266,609,123,321,63,94,39,192,154,54,16,91,160
oubreke01,Kelly Oubre Jr.,SMALL FORWARD,24,PHOENIX SUNS,56,55,1933,373,826,108,307,192,246,67,294,85,71,40,83,192
owensta01,Tariq Owens,POWER FORWARD,24,PHOENIX SUNS,3,0,15,1,5,0,2,2,2,2,1,0,1,0,0,1
pargoje01,Jeremy Pargo,POINT GUARD,33,GOLDEN STATE WARRIORS,3,0,44,11,22,3,7,0,1,1,2,8,1,0,4,8
parkeja01,Jabari Parker,POWER FORWARD,24,ATLANTA HAWKS,32,23,837,198,393,31,115,53,72,54,137,58,42,15,60,93
parkeja01,Jabari Parker,POWER FORWARD,24,SACRAMENTO KINGS,1,0,15,1,6,0,1,2,2,0,4,2,0,0,0,1
parsoch01,Chandler Parsons,SMALL FORWARD,31,ATLANTA HAWKS,5,0,54,5,18,4,14,0,0,1,6,3,4,1,3,3
pascher01,Eric Paschall,POWER FORWARD,23,GOLDEN STATE WARRIORS,60,26,1654,318,640,37,129,164,212,82,193,127,32,13,94,125
pasecan01,Anžejs Pasečņiks,CENTER,24,WASHINGTON WIZARDS,24,0,405,56,106,0,2,32,54,39,60,17,8,12,22,65
pattepa01,Patrick Patterson,POWER FORWARD,30,LOS ANGELES CLIPPERS,51,18,607,76,188,55,142,27,34,30,91,31,6,3,18,41
pattoju01,Justin Patton,CENTER,22,OKLAHOMA CITY THUNDER,5,0,24,4,10,1,4,0,0,1,4,2,0,0,2,4
paulch01,Chris Paul,POINT GUARD,34,OKLAHOMA CITY THUNDER,63,63,2003,394,805,101,279,225,250,21,289,426,98,9,137,139
paytoel01,Elfrid Payton,POINT GUARD,25,NEW YORK KNICKS,45,36,1246,193,440,14,69,49,86,52,160,323,70,17,96,89
paytoga02,Gary Payton II,POINT GUARD,27,WASHINGTON WIZARDS,29,17,432,48,116,13,46,4,8,26,54,48,33,7,20,54
pelleno01,Norvel Pelle,CENTER,26,PHILADELPHIA 76ERS,20,0,178,18,35,0,0,6,12,16,44,7,1,25,13,39
pinsoth01,Theo Pinson,SHOOTING GUARD,24,BROOKLYN NETS,33,0,365,45,155,15,80,15,16,10,44,56,17,4,33,35
plumlma01,Mason Plumlee,CENTER,29,DENVER NUGGETS,53,1,900,153,248,0,4,74,138,89,193,125,29,33,72,125
poirivi01,Vincent Poirier,CENTER,26,BOSTON CELTICS,21,0,114,16,33,1,2,6,7,10,24,7,2,6,6,23
poeltja01,Jakob Pöltl,CENTER,24,SAN ANTONIO SPURS,58,10,965,135,218,0,0,36,74,104,206,102,30,84,45,96
pondssh01,Shamorie Ponds,POINT GUARD,21,TORONTO RAPTORS,4,0,11,3,5,1,2,2,2,0,1,2,0,1,0,2
poolejo01,Jordan Poole,SHOOTING GUARD,20,GOLDEN STATE WARRIORS,57,14,1274,167,502,74,265,95,119,9,109,134,35,10,74,94
porteke02,Kevin Porter Jr.,SMALL FORWARD,19,CLEVELAND CAVALIERS,50,3,1162,186,421,53,158,73,101,22,140,109,46,14,93,135
portemi01,Michael Porter Jr.,POWER FORWARD,21,DENVER NUGGETS,48,1,670,141,285,43,102,33,43,53,146,35,20,19,35,75
porteot01,Otto Porter,SMALL FORWARD,26,CHICAGO BULLS,14,9,331,62,140,24,62,19,27,13,35,25,15,6,11,31
portibo01,Bobby Portis,CENTER,24,NEW YORK KNICKS,66,5,1393,265,589,67,187,71,93,80,258,98,32,18,73,110
porzikr01,Kristaps Porziņģis,POWER FORWARD,24,DALLAS MAVERICKS,51,51,1597,339,808,126,361,177,228,89,394,89,36,106,84,157
poweldw01,Dwight Powell,CENTER,28,DALLAS MAVERICKS,40,37,1061,146,229,10,39,74,111,75,152,59,34,22,36,102
powelno01,Norman Powell,SHOOTING GUARD,26,TORONTO RAPTORS,44,23,1269,259,516,94,236,109,130,23,138,78,55,17,64,93
randlch01,Chasson Randle,POINT GUARD,26,GOLDEN STATE WARRIORS,3,0,40,0,4,0,2,5,6,0,2,5,2,0,0,3
randlju01,Julius Randle,POWER FORWARD,25,NEW YORK KNICKS,64,64,2080,463,1006,64,231,258,352,151,471,198,51,22,193,178
reavejo02,Josh Reaves,SHOOTING GUARD,22,DALLAS MAVERICKS,2,0,1,0,1,0,0,0,0,0,0,0,0,0,0,0
reddica01,Cam Reddish,SMALL FORWARD,20,ATLANTA HAWKS,58,34,1551,213,554,83,250,101,126,35,181,87,62,28,96,132
redicjj01,J.J. Redick,SHOOTING GUARD,35,NEW ORLEANS PELICANS,54,35,1425,251,558,156,345,147,163,9,131,108,19,9,65,86
reidna01,Naz Reid,CENTER,20,MINNESOTA TIMBERWOLVES,30,11,495,100,243,32,97,37,53,34,90,35,19,22,22,83
richajo01,Josh Richardson,SHOOTING GUARD,26,PHILADELPHIA 76ERS,48,46,1474,246,574,70,214,101,128,37,125,148,45,34,91,120
riverau01,Austin Rivers,SHOOTING GUARD,27,HOUSTON ROCKETS,60,4,1402,182,432,83,232,60,90,25,117,96,42,10,35,112
robindu01,Duncan Robinson,SMALL FORWARD,25,MIAMI HEAT,65,60,1949,286,613,243,543,48,53,9,203,91,35,15,60,179
robingl02,Glenn Robinson III,SMALL FORWARD,26,GOLDEN STATE WARRIORS,48,48,1516,244,507,68,170,63,74,66,160,85,45,14,50,82
robingl02,Glenn Robinson III,SMALL FORWARD,26,PHILADELPHIA 76ERS,12,4,227,37,71,6,21,9,9,12,22,11,8,2,3,15
robinje01,Jerome Robinson,SHOOTING GUARD,22,LOS ANGELES CLIPPERS,42,1,476,46,136,19,67,11,19,5,55,46,13,8,26,55
robinje01,Jerome Robinson,SHOOTING GUARD,22,WASHINGTON WIZARDS,13,3,272,29,80,12,37,9,10,4,42,19,9,6,8,28
robinju01,Justin Robinson,POINT GUARD,22,WASHINGTON WIZARDS,9,0,49,5,12,3,5,0,0,1,4,7,0,1,3,2
robinmi01,Mitchell Robinson,CENTER,21,NEW YORK KNICKS,61,7,1412,253,341,0,0,84,148,186,242,36,52,119,37,194
robyis01,Isaiah Roby,SMALL FORWARD,21,OKLAHOMA CITY THUNDER,3,0,11,0,1,0,0,0,0,0,2,0,0,0,1,1
rondora01,Rajon Rondo,POINT GUARD,33,LOS ANGELES LAKERS,48,3,984,137,328,41,125,27,41,23,119,240,40,2,91,58
rosede01,Derrick Rose,POINT GUARD,31,DETROIT PISTONS,50,15,1298,369,753,45,147,121,139,27,94,278,40,16,126,49
rosste01,Terrence Ross,SHOOTING GUARD,28,ORLANDO MAGIC,63,0,1723,316,777,162,454,136,161,13,190,74,69,22,62,95
roziete01,Terry Rozier,POINT GUARD,25,CHARLOTTE HORNETS,63,63,2164,398,941,172,423,166,190,50,226,259,61,10,141,126
rubiori01,Ricky Rubio,POINT GUARD,29,PHOENIX SUNS,57,57,1802,252,611,66,188,174,204,42,223,507,88,9,155,143
russeda01,D'Angelo Russell,POINT GUARD,23,GOLDEN STATE WARRIORS,33,33,1060,273,635,120,321,113,144,14,108,206,31,9,101,64
russeda01,D'Angelo Russell,POINT GUARD,23,MINNESOTA TIMBERWOLVES,12,12,392,87,211,38,110,48,55,3,52,79,17,4,46,22
sabondo01,Domantas Sabonis,CENTER,23,INDIANA PACERS,62,62,2159,458,848,17,67,214,296,189,582,310,47,30,170,195
samanlu01,Luka Šamanić,POWER FORWARD,20,SAN ANTONIO SPURS,1,0,12,0,4,0,2,0,0,0,2,3,0,0,0,0
sampsja02,JaKarr Sampson,SMALL FORWARD,26,INDIANA PACERS,26,10,340,48,81,2,13,11,20,15,44,9,9,9,7,43
saricda01,Dario Šarić,POWER FORWARD,25,PHOENIX SUNS,58,50,1441,217,470,73,214,79,95,89,256,109,34,15,72,132
satorto01,Tomáš Satoranský,POINT GUARD,28,CHICAGO BULLS,65,64,1878,237,551,64,199,106,121,76,178,354,80,7,130,135
schofad01,Admiral Schofield,SMALL FORWARD,22,WASHINGTON WIZARDS,27,2,293,30,75,14,47,9,13,6,28,14,8,3,7,41
schrode01,Dennis Schröder,POINT GUARD,26,OKLAHOMA CITY THUNDER,63,1,1952,442,945,122,320,193,230,19,214,256,43,14,159,138
scottmi01,Mike Scott,POWER FORWARD,31,PHILADELPHIA 76ERS,63,10,1119,130,319,73,204,25,30,58,167,48,19,5,24,85
sefolth01,Thabo Sefolosha,POWER FORWARD,35,HOUSTON ROCKETS,41,0,436,37,91,15,54,3,8,21,72,25,24,12,15,43
sextoco01,Collin Sexton,SHOOTING GUARD,21,CLEVELAND CAVALIERS,65,65,2143,513,1086,97,255,226,267,61,143,192,65,7,158,142
shamela01,Landry Shamet,SHOOTING GUARD,22,LOS ANGELES CLIPPERS,47,27,1294,146,351,105,268,57,63,6,84,87,19,9,36,130
shayoma01,Marial Shayok,SHOOTING GUARD,24,PHILADELPHIA 76ERS,2,0,10,1,5,1,3,0,0,0,3,1,0,0,1,0
shumpim01,Iman Shumpert,SHOOTING GUARD,29,BROOKLYN NETS,13,0,241,21,64,8,33,4,7,9,25,12,12,2,10,21
siakapa01,Pascal Siakam,POWER FORWARD,25,TORONTO RAPTORS,53,53,1882,459,1000,115,320,220,275,57,342,191,53,49,132,151
silvach01,Chris Silva,POWER FORWARD,23,MIAMI HEAT,41,0,307,43,69,0,2,34,49,54,55,21,9,18,31,80
simmobe01,Ben Simmons,POINT GUARD,23,PHILADELPHIA 76ERS,54,54,1930,361,617,2,6,178,284,108,315,442,115,32,192,173
simonan01,Anfernee Simons,SHOOTING GUARD,20,PORTLAND TRAIL BLAZERS,65,4,1400,211,525,74,219,76,92,25,122,95,26,10,61,131
smailal01,Alen Smailagić,POWER FORWARD,19,GOLDEN STATE WARRIORS,14,0,139,20,40,3,13,16,19,10,17,13,3,4,11,14
smartma01,Marcus Smart,SHOOTING GUARD,25,BOSTON CELTICS,53,39,1721,240,632,128,368,106,127,40,164,257,86,27,89,142
smithde03,Dennis Smith Jr.,POINT GUARD,22,NEW YORK KNICKS,34,3,537,72,211,16,54,27,53,21,57,98,28,8,58,65
smithis01,Ish Smith,POINT GUARD,31,WASHINGTON WIZARDS,60,19,1570,262,581,55,150,48,70,28,161,285,52,24,77,84
smithzh01,Zhaire Smith,SHOOTING GUARD,20,PHILADELPHIA 76ERS,7,0,32,3,11,0,3,2,4,0,2,2,3,0,2,4
snellto01,Tony Snell,SMALL FORWARD,28,DETROIT PISTONS,59,57,1641,170,382,102,254,32,32,9,102,127,32,15,31,101
spellom01,Omari Spellman,POWER FORWARD,22,GOLDEN STATE WARRIORS,49,3,886,127,295,43,110,73,92,77,142,47,33,24,54,63
strusma01,Max Strus,SHOOTING GUARD,23,CHICAGO BULLS,2,0,6,2,3,0,1,1,1,1,0,0,0,0,0,1
sumneed01,Edmond Sumner,POINT GUARD,24,INDIANA PACERS,25,2,345,47,111,10,38,10,15,10,27,39,15,8,19,35
swanica01,Caleb Swanigan,POWER FORWARD,22,SACRAMENTO KINGS,7,0,23,2,4,0,0,1,2,2,5,2,1,2,6,8
swanica01,Caleb Swanigan,POWER FORWARD,22,PORTLAND TRAIL BLAZERS,20,1,265,26,43,0,2,8,15,25,68,29,2,5,31,54
tatumja01,Jayson Tatum,POWER FORWARD,21,BOSTON CELTICS,59,59,2043,499,1113,167,420,225,279,57,361,174,83,53,132,121
teaguje01,Jeff Teague,POINT GUARD,31,MINNESOTA TIMBERWOLVES,34,13,945,145,324,33,87,125,144,15,73,208,25,13,76,70
teaguje01,Jeff Teague,POINT GUARD,31,ATLANTA HAWKS,25,4,519,68,165,10,30,47,53,12,42,100,19,6,40,36
templga01,Garrett Temple,SHOOTING GUARD,33,BROOKLYN NETS,55,31,1547,198,524,112,346,56,73,28,162,141,44,26,57,95
theisda01,Daniel Theis,CENTER,27,BOSTON CELTICS,58,57,1382,216,382,26,81,81,106,130,250,95,35,75,48,201
thomais02,Isaiah Thomas,POINT GUARD,30,WASHINGTON WIZARDS,40,37,925,174,426,78,189,62,76,11,57,146,13,6,77,77
thomakh01,Khyri Thomas,SHOOTING GUARD,23,DETROIT PISTONS,8,0,61,5,17,5,14,2,4,1,0,3,3,0,3,9
thomama02,Matt Thomas,SHOOTING GUARD,25,TORONTO RAPTORS,33,0,321,54,111,35,75,7,10,7,41,17,8,0,12,31
thomptr01,Tristan Thompson,CENTER,28,CLEVELAND CAVALIERS,57,51,1721,288,562,9,23,99,161,226,351,120,33,50,103,124
thybuma01,Matisse Thybulle,SHOOTING GUARD,22,PHILADELPHIA 76ERS,57,13,1110,96,234,50,142,25,41,35,51,70,80,40,45,120
tollian01,Anthony Tolliver,POWER FORWARD,34,PORTLAND TRAIL BLAZERS,33,9,554,43,117,30,89,13,19,27,83,29,8,9,21,54
tollian01,Anthony Tolliver,POWER FORWARD,34,SACRAMENTO KINGS,9,0,82,3,17,2,15,1,2,2,9,3,4,1,4,6
tollian01,Anthony Tolliver,POWER FORWARD,34,MEMPHIS GRIZZLIES,5,0,96,8,21,7,17,4,4,1,11,1,3,1,5,4
toscaju01,Juan Toscano-Anderson,SMALL FORWARD,26,GOLDEN STATE WARRIORS,13,6,272,29,63,8,23,3,5,9,43,26,13,5,16,30
townska01,Karl-Anthony Towns,CENTER,24,MINNESOTA TIMBERWOLVES,35,35,1187,316,622,114,277,180,226,95,283,153,33,42,110,117
trentga02,Gary Trent Jr.,SHOOTING GUARD,21,PORTLAND TRAIL BLAZERS,53,8,1059,149,350,78,201,30,36,20,68,50,39,13,19,69
trieral01,Allonzo Trier,POINT GUARD,24,NEW YORK KNICKS,24,1,291,51,106,19,53,34,43,6,23,28,3,4,22,29
tuckepj01,P.J. Tucker,POWER FORWARD,34,HOUSTON ROCKETS,64,64,2203,162,374,95,257,37,44,102,339,101,70,31,67,209
tuckera01,Rayjon Tucker,SHOOTING GUARD,22,UTAH JAZZ,14,0,78,8,19,0,6,3,5,2,11,2,1,0,3,7
turneev01,Evan Turner,POINT GUARD,31,ATLANTA HAWKS,19,0,251,25,67,0,5,12,14,8,30,38,9,8,26,20
turnemy01,Myles Turner,CENTER,23,INDIANA PACERS,55,55,1628,233,517,77,229,108,144,70,290,61,42,120,68,138
uthofja01,Jarrod Uthoff,SMALL FORWARD,26,MEMPHIS GRIZZLIES,4,0,14,1,7,0,4,2,2,1,0,0,1,0,0,1
valanjo01,Jonas Valančiūnas,CENTER,27,MEMPHIS GRIZZLIES,62,62,1630,385,657,29,79,123,168,190,506,109,25,69,107,159
valende01,Denzel Valentine,SMALL FORWARD,26,CHICAGO BULLS,36,5,488,97,237,46,137,6,8,9,65,43,26,6,26,51
vandeja01,Jarred Vanderbilt,SMALL FORWARD,20,DENVER NUGGETS,9,0,41,5,7,0,0,0,0,3,5,2,3,1,7,6
vandeja01,Jarred Vanderbilt,POWER FORWARD,20,MINNESOTA TIMBERWOLVES,2,0,5,0,1,0,1,2,2,0,1,0,0,0,0,0
vanvlfr01,Fred VanVleet,POINT GUARD,25,TORONTO RAPTORS,48,48,1719,287,701,131,338,140,166,18,162,317,91,13,110,118
vincega01,Gabe Vincent,POINT GUARD,23,MIAMI HEAT,6,0,42,4,19,4,16,0,0,0,3,3,1,0,0,2
vonleno01,Noah Vonleh,CENTER,24,MINNESOTA TIMBERWOLVES,29,1,347,47,86,2,14,23,28,34,82,26,11,6,19,36
vonleno01,Noah Vonleh,POWER FORWARD,24,DENVER NUGGETS,4,0,17,3,3,1,1,1,2,3,4,1,0,0,2,2
vucevni01,Nikola Vučević,CENTER,29,ORLANDO MAGIC,54,54,1763,428,910,82,249,114,146,130,466,202,46,47,77,121
wadede01,Dean Wade,POWER FORWARD,23,CLEVELAND CAVALIERS,12,0,71,9,13,2,4,0,1,3,16,2,2,4,3,8
wagnemo01,Moritz Wagner,CENTER,22,WASHINGTON WIZARDS,37,5,707,131,228,23,67,67,82,51,141,49,22,17,55,134
waitedi01,Dion Waiters,SHOOTING GUARD,28,MIAMI HEAT,3,0,42,10,26,8,17,0,1,0,11,3,0,2,3,5
walkeke02,Kemba Walker,POINT GUARD,29,BOSTON CELTICS,50,50,1592,350,832,165,438,195,225,33,171,247,47,25,107,77
walkelo01,Lonnie Walker,SHOOTING GUARD,21,SAN ANTONIO SPURS,53,4,767,116,267,29,71,38,53,20,95,46,28,13,31,70
wallaty01,Tyrone Wallace,SHOOTING GUARD,25,ATLANTA HAWKS,14,0,160,14,44,1,15,11,17,3,19,13,7,1,10,19
princta02,Taurean Prince,SMALL FORWARD,25,BROOKLYN NETS,64,61,1857,278,739,146,431,71,89,50,331,116,57,25,127,159
waltode01,Derrick Walton,POINT GUARD,24,LOS ANGELES CLIPPERS,23,1,222,17,36,9,21,7,9,2,13,22,4,0,4,19
waltode01,Derrick Walton,POINT GUARD,24,DETROIT PISTONS,3,0,26,1,3,1,3,0,0,0,1,5,3,0,1,2
wanambr01,Brad Wanamaker,POINT GUARD,30,BOSTON CELTICS,63,1,1215,136,318,33,90,108,116,19,105,158,52,12,70,120
warretj01,T.J. Warren,SMALL FORWARD,26,INDIANA PACERS,61,61,1984,460,869,69,184,151,186,61,181,87,70,27,77,170
washipj01,P.J. Washington,POWER FORWARD,21,CHARLOTTE HORNETS,58,57,1759,268,589,86,230,88,136,58,258,123,51,44,93,158
watanyu01,Yuta Watanabe,SHOOTING GUARD,25,MEMPHIS GRIZZLIES,16,0,99,12,29,3,8,3,8,6,11,4,5,1,2,9
watertr01,Tremont Waters,POINT GUARD,22,BOSTON CELTICS,10,0,89,12,35,3,17,6,6,0,9,12,5,2,10,11
watsopa01,Paul Watson,SHOOTING GUARD,25,ATLANTA HAWKS,2,0,17,0,7,0,3,0,0,0,2,3,1,0,0,1
watsopa01,Paul Watson,SMALL FORWARD,25,TORONTO RAPTORS,3,0,8,0,1,0,1,1,2,0,2,2,0,1,0,0
weathqu01,Quinndary Weatherspoon,SHOOTING GUARD,23,SAN ANTONIO SPURS,3,0,15,0,3,0,1,0,0,0,1,1,0,0,0,0
westbru01,Russell Westbrook,POINT GUARD,31,HOUSTON ROCKETS,53,53,1905,568,1199,51,201,269,346,94,332,370,88,17,236,187
whiteco01,Coby White,SHOOTING GUARD,19,CHICAGO BULLS,65,1,1674,312,792,133,376,102,129,28,202,175,49,6,109,117
whitede01,Derrick White,SHOOTING GUARD,25,SAN ANTONIO SPURS,61,13,1468,213,464,57,160,150,175,30,163,206,39,55,75,133
whiteha01,Hassan Whiteside,CENTER,30,PORTLAND TRAIL BLAZERS,61,61,1911,418,676,4,7,153,225,244,625,74,24,187,117,179
wiggian01,Andrew Wiggins,SMALL FORWARD,24,MINNESOTA TIMBERWOLVES,42,42,1455,351,790,91,275,149,207,48,171,155,29,36,107,101
wiggian01,Andrew Wiggins,SHOOTING GUARD,24,GOLDEN STATE WARRIORS,12,12,403,86,188,20,59,41,61,18,37,43,16,17,25,26
willigr01,Grant Williams,POWER FORWARD,21,BOSTON CELTICS,62,5,970,80,192,21,85,37,51,58,107,62,28,33,46,149
willijo04,Johnathan Williams,CENTER,24,WASHINGTON WIZARDS,11,5,135,16,25,0,2,3,5,15,28,6,1,6,4,11
willike04,Kenrich Williams,POWER FORWARD,25,NEW ORLEANS PELICANS,35,18,779,49,143,25,96,9,24,49,129,53,25,21,21,81
willilo02,Lou Williams,SHOOTING GUARD,33,LOS ANGELES CLIPPERS,60,8,1757,367,883,107,295,278,322,28,158,344,40,10,172,77
willima02,Marvin Williams,POWER FORWARD,33,CHARLOTTE HORNETS,41,1,808,94,210,44,117,43,50,15,94,41,26,22,25,71
willima02,Marvin Williams,POWER FORWARD,33,MILWAUKEE BUCKS,11,0,203,16,39,8,27,4,4,5,34,15,9,4,3,23
williro04,Robert Williams,CENTER,22,BOSTON CELTICS,23,1,323,42,62,0,0,14,25,34,74,22,20,28,20,40
willini01,Nigel Williams-Goss,POINT GUARD,25,UTAH JAZZ,9,0,28,1,7,0,2,2,2,2,3,5,1,1,2,2
willizi01,Zion Williamson,POWER FORWARD,19,NEW ORLEANS PELICANS,19,19,565,172,292,6,13,98,152,55,74,41,16,9,51,32
wilsodj01,D.J. Wilson,POWER FORWARD,23,MILWAUKEE BUCKS,31,0,280,40,101,14,55,6,9,10,58,22,2,5,15,26
winslju01,Justise Winslow,SMALL FORWARD,23,MIAMI HEAT,11,5,352,50,129,6,27,18,27,16,57,44,7,5,24,38
woodch01,Christian Wood,POWER FORWARD,24,DETROIT PISTONS,62,12,1325,288,508,54,140,180,242,104,286,60,34,54,84,98
wrighde01,Delon Wright,SHOOTING GUARD,27,DALLAS MAVERICKS,65,5,1412,179,381,45,117,71,90,66,193,220,76,21,68,83
wrighju02,Justin Wright-Foreman,POINT GUARD,22,UTAH JAZZ,1,0,2,0,0,0,0,0,0,0,0,0,0,0,0,0
youngth01,Thaddeus Young,POWER FORWARD,31,CHICAGO BULLS,64,16,1591,269,601,79,222,42,72,94,221,117,92,23,102,134
youngtr01,Trae Young,POINT GUARD,21,ATLANTA HAWKS,60,60,2120,546,1249,205,568,481,559,32,223,560,65,8,289,104
zelleco01,Cody Zeller,CENTER,27,CHARLOTTE HORNETS,58,39,1341,251,479,18,75,122,179,160,251,88,40,25,75,140
zizican01,Ante Žižić,CENTER,23,CLEVELAND CAVALIERS,22,0,221,41,72,0,0,14,19,18,48,6,7,5,10,27
zubaciv01,Ivica Zubac,CENTER,22,LOS ANGELES CLIPPERS,64,62,1156,202,336,0,2,107,141,166,295,69,13,60,53,146
